knowledge_point_name,preview_content_text,preview_content_markdown
深度學習簡介與應用,"實際應用情境：
- 醫療影像診斷：在醫院中，醫生利用深度學習模型自動分析X光片或MRI影像，協助判斷是否有腫瘤或其他異常。這大幅提升了診斷的效率和準確率，減少人為疏漏。
- 語音助理與語音轉文字：智慧型手機中的語音助理（如Siri、Google Assistant）能聽懂使用者的語音指令並做出回應，這背後就是深度學習模型自動辨識語音內容並理解語意。
- 個性化推薦系統：在Netflix或Spotify等平台，深度學習模型會分析使用者的觀看或聆聽習慣，主動推薦可能感興趣的電影或音樂，提升用戶體驗。

核心概念：
深度學習是一種模仿人類大腦神經網路運作方式的人工智慧技術。它屬於機器學習的一種，最大的特點是能自動從大量數據中學習並萃取有用的特徵。可以把傳統機器學習想像成一位廚師，必須事先準備好所有食材（特徵），才能烹飪出一道菜（模型）；而深度學習則像是一位全能大廚，不僅能自己挑選食材，還能決定如何烹調，甚至能根據不同食材自動調整做法。

在傳統機器學習中，特徵工程是關鍵步驟，通常需要專家根據經驗設計出適合的特徵（例如：從圖片中手動提取邊緣、顏色等），再將這些特徵輸入模型進行分類或預測。這種方法對於結構化資料（如表格、數字）效果不錯，但遇到複雜或高維度的資料（如影像、語音、自然語言）時，人工設計特徵變得困難且容易遺漏重要資訊。

深度學習則利用多層神經網路（如多層感知器、卷積神經網路CNN、遞迴神經網路RNN等），自動從原始資料中學習到有用的特徵。這就像是模型自己學會如何分辨圖片中的貓和狗，不需要人類告訴它該看哪裡。這種自動化學習能力，使深度學習特別適合處理非結構化資料（如圖片、語音、文本等）。

然而，深度學習模型通常需要大量資料和強大的運算能力（如GPU），訓練時間也較長，且模型的運作原理較難解釋（常被稱為「黑盒」）。儘管如此，深度學習已在許多領域展現出超越傳統機器學習的表現，例如自動駕駛、醫療診斷、語音辨識、自然語言處理和推薦系統等。

比較項目比較：
- 特徵工程：高度依賴人工設計特徵 vs 自動從資料中學習特徵
- 模型範例：線性回歸、SVM、決策樹等 vs 神經網路、CNN、RNN、Transformer等
- 運算能力需求：較低，適合中小型資料集 vs 高，需要GPU/TPU，適合大規模資料
- 資料量需求：資料量較少也能表現良好 vs 需要大量資料，資料越多效果越好
- 模型結構：較淺（少層） vs 較深（多層）
- 解釋性：較高（如決策樹可視化） vs 較差（黑盒模型）
- 訓練時間：較短 vs 較長
- 適用範疇：結構化資料（表格型）、分類、預測 vs 非結構化資料（影像、語音、文本等）

重點整理：
- 深度學習是機器學習的一種，能自動從大量資料中學習特徵。
- 傳統機器學習需仰賴人工設計特徵，深度學習則由模型自動學習。
- 深度學習特別適合處理高維度、複雜、非結構化的資料（如影像、語音、文本）。
- 深度學習模型通常需要大量資料和高運算能力（如GPU）。
- 深度學習已廣泛應用於醫療影像診斷、語音辨識、自然語言處理和推薦系統等領域。
- 深度學習模型的運作較難解釋，常被稱為黑盒模型。
- 傳統機器學習適合資料量較小、結構化的應用，且模型較容易解釋。
","## 💡 實際應用情境

- **醫療影像診斷**：在醫院中，醫生利用深度學習模型自動分析X光片或MRI影像，協助判斷是否有腫瘤或其他異常。這大幅提升了診斷的效率和準確率，減少人為疏漏。
- **語音助理與語音轉文字**：智慧型手機中的語音助理（如Siri、Google Assistant）能聽懂使用者的語音指令並做出回應，這背後就是深度學習模型自動辨識語音內容並理解語意。
- **個性化推薦系統**：在Netflix或Spotify等平台，深度學習模型會分析使用者的觀看或聆聽習慣，主動推薦可能感興趣的電影或音樂，提升用戶體驗。

## 核心概念

深度學習是一種模仿人類大腦神經網路運作方式的人工智慧技術。它屬於機器學習的一種，最大的特點是能自動從大量數據中學習並萃取有用的特徵。可以把傳統機器學習想像成一位廚師，必須事先準備好所有食材（特徵），才能烹飪出一道菜（模型）；而深度學習則像是一位全能大廚，不僅能自己挑選食材，還能決定如何烹調，甚至能根據不同食材自動調整做法。

在傳統機器學習中，特徵工程是關鍵步驟，通常需要專家根據經驗設計出適合的特徵（例如：從圖片中手動提取邊緣、顏色等），再將這些特徵輸入模型進行分類或預測。這種方法對於結構化資料（如表格、數字）效果不錯，但遇到複雜或高維度的資料（如影像、語音、自然語言）時，人工設計特徵變得困難且容易遺漏重要資訊。

深度學習則利用多層神經網路（如多層感知器、卷積神經網路CNN、遞迴神經網路RNN等），自動從原始資料中學習到有用的特徵。這就像是模型自己學會如何分辨圖片中的貓和狗，不需要人類告訴它該看哪裡。這種自動化學習能力，使深度學習特別適合處理非結構化資料（如圖片、語音、文本等）。

然而，深度學習模型通常需要大量資料和強大的運算能力（如GPU），訓練時間也較長，且模型的運作原理較難解釋（常被稱為「黑盒」）。儘管如此，深度學習已在許多領域展現出超越傳統機器學習的表現，例如自動駕駛、醫療診斷、語音辨識、自然語言處理和推薦系統等。

| 比較項目 | 傳統機器學習 | 深度學習 |
|------|--------|------|
| 特徵工程 | 高度依賴人工設計特徵 | 自動從資料中學習特徵 |
| 模型範例 | 線性回歸、SVM、決策樹等 | 神經網路、CNN、RNN、Transformer等 |
| 運算能力需求 | 較低，適合中小型資料集 | 高，需要GPU/TPU，適合大規模資料 |
| 資料量需求 | 資料量較少也能表現良好 | 需要大量資料，資料越多效果越好 |
| 模型結構 | 較淺（少層） | 較深（多層） |
| 解釋性 | 較高（如決策樹可視化） | 較差（黑盒模型） |
| 訓練時間 | 較短 | 較長 |
| 適用範疇 | 結構化資料（表格型）、分類、預測 | 非結構化資料（影像、語音、文本等） |

## 重點整理

- 深度學習是機器學習的一種，能自動從大量資料中學習特徵。
- 傳統機器學習需仰賴人工設計特徵，深度學習則由模型自動學習。
- 深度學習特別適合處理高維度、複雜、非結構化的資料（如影像、語音、文本）。
- 深度學習模型通常需要大量資料和高運算能力（如GPU）。
- 深度學習已廣泛應用於醫療影像診斷、語音辨識、自然語言處理和推薦系統等領域。
- 深度學習模型的運作較難解釋，常被稱為黑盒模型。
- 傳統機器學習適合資料量較小、結構化的應用，且模型較容易解釋。
"
感知器與多層感知器理論基礎,"實際應用情境：
- 手寫數字辨識：在自動郵件分揀或銀行支票處理等場景中，系統需要自動辨認手寫數字。多層感知器（MLP）可以學習大量手寫數字的特徵，將圖片轉換為對應的數字，提升自動化效率與準確率。
- 醫療診斷輔助：醫院利用多層感知器來分析病患的檢查數據（如血液數值、影像資料），協助醫生判斷疾病類型。例如，MLP可以根據輸入的檢查指標預測是否患有糖尿病或心臟病。
- 語音辨識與自然語言處理：多層感知器常用於語音轉文字、語意分類等任務。它能將語音或文字資料轉換為數值特徵，經過多層處理後，輸出對應的語意分類或文字內容。

核心概念：
感知器（Perceptron）是人工神經網絡中最基本的單元，可以想像成一個「決策小幫手」：它會接收多個輸入（每個輸入有不同的權重），將這些輸入加總後，經過一個閾值判斷，決定輸出結果。這就像是老師根據學生的多項成績（輸入）和每項成績的重要性（權重），來決定學生是否及格（輸出）。

多層感知器（MLP, Multi-Layer Perceptron）則是將許多感知器組合成多層結構，包含輸入層、隱藏層和輸出層。輸入層負責接收資料，隱藏層則像是多道加工程序，將資料進行非線性轉換與特徵提取，最後由輸出層產生最終預測結果。每一層的神經元都與前一層和後一層的所有神經元全連接，這種結構讓MLP能處理更複雜的問題。

在每個神經元中，除了輸入和權重外，還有一個偏置（Bias），就像是在決策時多加一個「調整值」，讓模型更靈活地擬合資料。經過加權和偏置後，神經元會通過激活函數（Activation Function）進行非線性轉換。常見的激活函數有：

- Sigmoid：輸出在0到1之間，常用於二元分類，但容易造成梯度消失。
- Softmax：輸出為多類別的機率分布，常用於多分類任務的輸出層。
- Tanh：輸出在-1到1之間，中心對稱於0，收斂速度通常快於Sigmoid。
- ReLU：輸出為0或正數，計算簡單，能有效減少梯度消失，是目前最常用的隱藏層激活函數。

激活函數的選擇會根據任務不同而調整，例如分類任務的輸出層常用Softmax，回歸任務則用線性激活函數。不同激活函數有各自的優缺點，選擇合適的激活函數有助於提升模型表現。

總結來說，多層感知器就像一個多階段的資料加工廠，每一層負責不同的加工任務，透過權重、偏置與激活函數的設計，讓神經網絡能夠學習並處理各種複雜的資料與任務。

激活函數比較：
- Sigmoid：(0, 1) vs 適合機率輸出，平滑可微分
- Softmax：(0, 1)，總和為1 vs 產生機率分布，適用多類別分類
- ReLU：[0, ∞) vs 避免梯度消失，訓練快速
- Tanh：(-1, 1) vs 輸出對稱於0，梯度更新較穩

重點整理：
- 多層感知器（MLP）由輸入層、隱藏層、輸出層組成。
- 每層神經元與前後層神經元全連接（Fully Connected）。
- 權重決定輸入信號的重要性，偏置讓模型更靈活擬合資料。
- 激活函數引入非線性，讓網絡能學習複雜模式。
- 常見激活函數：Sigmoid、Softmax、Tanh、ReLU，各有不同應用場景與優缺點。
- Sigmoid常用於二元分類輸出層，Softmax用於多類別分類輸出層，ReLU和Tanh常用於隱藏層。
- ReLU能有效減少梯度消失問題，加快訓練速度，但可能出現死神經元。
- Sigmoid和Tanh都可能導致梯度消失，影響深層網絡訓練。
- Softmax能產生多類別的機率分布，但類別間機率相依性強。
- 輸出層激活函數的選擇應依任務類型（分類或回歸）而定。
","## 💡 實際應用情境

- **手寫數字辨識**：在自動郵件分揀或銀行支票處理等場景中，系統需要自動辨認手寫數字。多層感知器（MLP）可以學習大量手寫數字的特徵，將圖片轉換為對應的數字，提升自動化效率與準確率。
- **醫療診斷輔助**：醫院利用多層感知器來分析病患的檢查數據（如血液數值、影像資料），協助醫生判斷疾病類型。例如，MLP可以根據輸入的檢查指標預測是否患有糖尿病或心臟病。
- **語音辨識與自然語言處理**：多層感知器常用於語音轉文字、語意分類等任務。它能將語音或文字資料轉換為數值特徵，經過多層處理後，輸出對應的語意分類或文字內容。

## 核心概念

感知器（Perceptron）是人工神經網絡中最基本的單元，可以想像成一個「決策小幫手」：它會接收多個輸入（每個輸入有不同的權重），將這些輸入加總後，經過一個閾值判斷，決定輸出結果。這就像是老師根據學生的多項成績（輸入）和每項成績的重要性（權重），來決定學生是否及格（輸出）。

多層感知器（MLP, Multi-Layer Perceptron）則是將許多感知器組合成多層結構，包含輸入層、隱藏層和輸出層。輸入層負責接收資料，隱藏層則像是多道加工程序，將資料進行非線性轉換與特徵提取，最後由輸出層產生最終預測結果。每一層的神經元都與前一層和後一層的所有神經元全連接，這種結構讓MLP能處理更複雜的問題。

在每個神經元中，除了輸入和權重外，還有一個偏置（Bias），就像是在決策時多加一個「調整值」，讓模型更靈活地擬合資料。經過加權和偏置後，神經元會通過激活函數（Activation Function）進行非線性轉換。常見的激活函數有：

- Sigmoid：輸出在0到1之間，常用於二元分類，但容易造成梯度消失。
- Softmax：輸出為多類別的機率分布，常用於多分類任務的輸出層。
- Tanh：輸出在-1到1之間，中心對稱於0，收斂速度通常快於Sigmoid。
- ReLU：輸出為0或正數，計算簡單，能有效減少梯度消失，是目前最常用的隱藏層激活函數。

激活函數的選擇會根據任務不同而調整，例如分類任務的輸出層常用Softmax，回歸任務則用線性激活函數。不同激活函數有各自的優缺點，選擇合適的激活函數有助於提升模型表現。

總結來說，多層感知器就像一個多階段的資料加工廠，每一層負責不同的加工任務，透過權重、偏置與激活函數的設計，讓神經網絡能夠學習並處理各種複雜的資料與任務。

| 激活函數 | 輸出範圍 | 優點 | 缺點 | 常見應用 |
|------|------|----|----|------|
| Sigmoid | (0, 1) | 適合機率輸出，平滑可微分 | 容易梯度消失，非0中心 | 二元分類輸出層 |
| Softmax | (0, 1)，總和為1 | 產生機率分布，適用多類別分類 | 受極值影響，類別非獨立 | 多類別分類輸出層 |
| ReLU | [0, ∞) | 避免梯度消失，訓練快速 | 死神經元問題 | 隱藏層（DNN、CNN、MLP） |
| Tanh | (-1, 1) | 輸出對稱於0，梯度更新較穩 | 仍有梯度消失問題 | 隱藏層（部分RNN） |

## 重點整理

- 多層感知器（MLP）由輸入層、隱藏層、輸出層組成。
- 每層神經元與前後層神經元全連接（Fully Connected）。
- 權重決定輸入信號的重要性，偏置讓模型更靈活擬合資料。
- 激活函數引入非線性，讓網絡能學習複雜模式。
- 常見激活函數：Sigmoid、Softmax、Tanh、ReLU，各有不同應用場景與優缺點。
- Sigmoid常用於二元分類輸出層，Softmax用於多類別分類輸出層，ReLU和Tanh常用於隱藏層。
- ReLU能有效減少梯度消失問題，加快訓練速度，但可能出現死神經元。
- Sigmoid和Tanh都可能導致梯度消失，影響深層網絡訓練。
- Softmax能產生多類別的機率分布，但類別間機率相依性強。
- 輸出層激活函數的選擇應依任務類型（分類或回歸）而定。
"
前向傳播 (Forward Propagation) 機制,"實際應用情境：
- 手寫數字辨識：在自動辨識郵件信封上的手寫郵遞區號時，神經網路會將影像像素資料輸入模型，經過前向傳播後產生對應的數字預測結果。這個過程就是前向傳播的實際應用。
- 語音辨識系統：當你對手機語音助理說話時，語音訊號會被轉換成數值資料，經過神經網路的前向傳播，模型會產生對應的文字輸出，幫助系統理解你的指令。
- 醫學影像診斷：醫生利用深度學習模型判斷X光片是否有異常時，影像資料會經過神經網路的前向傳播，產生對應的診斷結果，協助醫生做出判斷。

核心概念：
前向傳播（Forward Propagation）是多層感知器（MLP）等神經網路在進行預測時的基本計算流程。可以把神經網路想像成一個多層的工廠生產線，每一層都會對輸入的資料進行加工，最後產生預測結果。這個過程如下：

1. 數據輸入：首先，將原始資料（如圖片的像素值、語音的特徵值等）輸入到神經網路的輸入層。

2. 加權計算：每個神經元會將收到的輸入資料乘上對應的權重，並加上一個偏置值。這就像每個工廠站點根據自己的規則（權重和偏置）處理原料。

3. 激活函數應用：經過加權和偏置後的數值，會再經過一個激活函數（如ReLU或Sigmoid），這個步驟可以理解為工廠的篩選機制，決定哪些訊號可以傳遞到下一層。激活函數的存在讓神經網路能處理複雜、非線性的問題。

4. 層間傳遞：每一層的輸出會作為下一層的輸入，這樣一層一層地傳遞下去，直到最後一層（輸出層）。

5. 損失計算：最後，模型會將預測結果與真實標籤進行比較，計算損失（誤差），這個損失值會在後續的反向傳播中用來調整模型參數。

前向傳播的每一步都像是流水線上的一個加工站，只有所有步驟都完成，才能得到最終產品（預測結果）。在神經網路的訓練過程中，前向傳播和反向傳播是密不可分的：前向傳播負責產生預測和計算損失，反向傳播則根據損失來調整模型參數。這兩個步驟會反覆進行，讓模型逐漸學會更準確的預測。理解前向傳播的流程，有助於掌握神經網路如何處理資料、產生預測，並為後續學習反向傳播和模型訓練打下基礎。

重點整理：
- 前向傳播是神經網路計算預測結果的過程，也是訓練流程的第一步。
- 前向傳播包含：數據輸入、加權計算、激活函數應用、層間傳遞、損失計算等步驟。
- 每一層的輸出會作為下一層的輸入，直到產生最終預測。
- 損失值是由前向傳播產生，並作為反向傳播調整參數的依據。
- 前向傳播與反向傳播在模型訓練中交替進行，缺一不可。
- 理解前向傳播有助於掌握神經網路如何處理資料與產生預測。
","## 💡 實際應用情境

- **手寫數字辨識**：在自動辨識郵件信封上的手寫郵遞區號時，神經網路會將影像像素資料輸入模型，經過前向傳播後產生對應的數字預測結果。這個過程就是前向傳播的實際應用。
- **語音辨識系統**：當你對手機語音助理說話時，語音訊號會被轉換成數值資料，經過神經網路的前向傳播，模型會產生對應的文字輸出，幫助系統理解你的指令。
- **醫學影像診斷**：醫生利用深度學習模型判斷X光片是否有異常時，影像資料會經過神經網路的前向傳播，產生對應的診斷結果，協助醫生做出判斷。

## 核心概念

前向傳播（Forward Propagation）是多層感知器（MLP）等神經網路在進行預測時的基本計算流程。可以把神經網路想像成一個多層的工廠生產線，每一層都會對輸入的資料進行加工，最後產生預測結果。這個過程如下：

1. 數據輸入：首先，將原始資料（如圖片的像素值、語音的特徵值等）輸入到神經網路的輸入層。

2. 加權計算：每個神經元會將收到的輸入資料乘上對應的權重，並加上一個偏置值。這就像每個工廠站點根據自己的規則（權重和偏置）處理原料。

3. 激活函數應用：經過加權和偏置後的數值，會再經過一個激活函數（如ReLU或Sigmoid），這個步驟可以理解為工廠的篩選機制，決定哪些訊號可以傳遞到下一層。激活函數的存在讓神經網路能處理複雜、非線性的問題。

4. 層間傳遞：每一層的輸出會作為下一層的輸入，這樣一層一層地傳遞下去，直到最後一層（輸出層）。

5. 損失計算：最後，模型會將預測結果與真實標籤進行比較，計算損失（誤差），這個損失值會在後續的反向傳播中用來調整模型參數。

前向傳播的每一步都像是流水線上的一個加工站，只有所有步驟都完成，才能得到最終產品（預測結果）。在神經網路的訓練過程中，前向傳播和反向傳播是密不可分的：前向傳播負責產生預測和計算損失，反向傳播則根據損失來調整模型參數。這兩個步驟會反覆進行，讓模型逐漸學會更準確的預測。理解前向傳播的流程，有助於掌握神經網路如何處理資料、產生預測，並為後續學習反向傳播和模型訓練打下基礎。

## 重點整理

- 前向傳播是神經網路計算預測結果的過程，也是訓練流程的第一步。
- 前向傳播包含：數據輸入、加權計算、激活函數應用、層間傳遞、損失計算等步驟。
- 每一層的輸出會作為下一層的輸入，直到產生最終預測。
- 損失值是由前向傳播產生，並作為反向傳播調整參數的依據。
- 前向傳播與反向傳播在模型訓練中交替進行，缺一不可。
- 理解前向傳播有助於掌握神經網路如何處理資料與產生預測。
"
反向傳播 (Backpropagation) 機制,"實際應用情境：
- 手寫數字辨識系統：在郵件分揀或銀行支票處理等場景中，常需自動辨識手寫數字。多層感知器（MLP）透過反向傳播機制學習如何將影像像素轉換為正確的數字標籤，提升辨識準確率。
- 醫療影像分類：在醫學診斷中，深度學習模型可用於判斷X光片或MRI影像是否有腫瘤。透過反向傳播，模型能自動調整參數，學會分辨正常與異常影像，協助醫師進行輔助診斷。
- 語音辨識與翻譯：語音辨識系統利用多層神經網路將語音訊號轉換為文字。這些模型透過反向傳播機制不斷修正錯誤，提升語音到文字的轉換準確率，應用於智慧助理或即時翻譯裝置。

核心概念：
反向傳播（Backpropagation）是多層感知器（MLP）等神經網路訓練的核心機制。它的目標是根據模型預測與實際答案的差異（損失），自動調整網路中的權重和偏置，使預測結果越來越準確。

可以將神經網路訓練比喻為登山尋找最低谷（損失最小點）的過程。每次模型預測錯誤時，就像在山谷中迷路，反向傳播會根據錯誤的方向和大小，計算出一條最陡峭的下坡路徑（梯度），指引模型如何修正自身參數。

反向傳播的流程分為三步：
1. 計算損失函數（如均方誤差MSE或交叉熵Cross-Entropy）對輸出層的梯度，衡量預測與真實答案的差距。
2. 利用鏈式法則，將這個梯度一層一層往回傳遞，計算每一層參數對損失的影響。
3. 根據這些梯度，使用優化方法（如梯度下降），調整每個權重和偏置。

常見的損失函數有：
- 均方誤差（MSE）：主要用於回歸問題，對預測誤差大的情況懲罰較重，但對分類問題效果有限。
- 交叉熵（Cross-Entropy）：主要用於分類問題，能更有效地指導模型學習正確的分類機率。

在訓練過程中，學習率（Learning Rate）決定每次參數調整的幅度。學習率太大，容易錯過最佳解甚至發散；太小則收斂緩慢，訓練時間變長。

反向傳播也會遇到兩種常見問題：
- 梯度消失：隨著梯度反向傳遞，值越來越小，導致前面層幾乎無法學習。
- 梯度爆炸：梯度值越傳越大，導致模型更新異常甚至發散。

總結來說，反向傳播讓神經網路能自動學習、優化自身，是深度學習模型能夠高效訓練的關鍵技術。

比較項目比較：
- 主要應用：回歸問題 vs 分類問題
- 對大誤差的懲罰：懲罰較重，對離群值敏感 vs 懲罰預測機率偏差大
- 在分類任務的表現：效果較差 vs 效果更好、更穩定
- 常用搭配的輸出層：線性 vs Sigmoid（二元）/Softmax（多類）

重點整理：
- 反向傳播是神經網路訓練時，根據損失值計算梯度並反向更新參數的過程。
- 損失函數常見有均方誤差（MSE）與交叉熵（Cross-Entropy），分類問題多用交叉熵。
- 梯度下降法用於根據梯度調整權重，學習率控制每次更新的步伐大小。
- 學習率設太大會導致模型發散，設太小則收斂過慢。
- 梯度消失會讓前面層學習停滯，梯度爆炸會導致模型訓練不穩或發散。
- 反向傳播機制讓多層神經網路能自動學習複雜的輸入與輸出關係。
","## 💡 實際應用情境

- **手寫數字辨識系統**：在郵件分揀或銀行支票處理等場景中，常需自動辨識手寫數字。多層感知器（MLP）透過反向傳播機制學習如何將影像像素轉換為正確的數字標籤，提升辨識準確率。
- **醫療影像分類**：在醫學診斷中，深度學習模型可用於判斷X光片或MRI影像是否有腫瘤。透過反向傳播，模型能自動調整參數，學會分辨正常與異常影像，協助醫師進行輔助診斷。
- **語音辨識與翻譯**：語音辨識系統利用多層神經網路將語音訊號轉換為文字。這些模型透過反向傳播機制不斷修正錯誤，提升語音到文字的轉換準確率，應用於智慧助理或即時翻譯裝置。

## 核心概念

反向傳播（Backpropagation）是多層感知器（MLP）等神經網路訓練的核心機制。它的目標是根據模型預測與實際答案的差異（損失），自動調整網路中的權重和偏置，使預測結果越來越準確。

可以將神經網路訓練比喻為登山尋找最低谷（損失最小點）的過程。每次模型預測錯誤時，就像在山谷中迷路，反向傳播會根據錯誤的方向和大小，計算出一條最陡峭的下坡路徑（梯度），指引模型如何修正自身參數。

反向傳播的流程分為三步：
1. 計算損失函數（如均方誤差MSE或交叉熵Cross-Entropy）對輸出層的梯度，衡量預測與真實答案的差距。
2. 利用鏈式法則，將這個梯度一層一層往回傳遞，計算每一層參數對損失的影響。
3. 根據這些梯度，使用優化方法（如梯度下降），調整每個權重和偏置。

常見的損失函數有：
- 均方誤差（MSE）：主要用於回歸問題，對預測誤差大的情況懲罰較重，但對分類問題效果有限。
- 交叉熵（Cross-Entropy）：主要用於分類問題，能更有效地指導模型學習正確的分類機率。

在訓練過程中，學習率（Learning Rate）決定每次參數調整的幅度。學習率太大，容易錯過最佳解甚至發散；太小則收斂緩慢，訓練時間變長。

反向傳播也會遇到兩種常見問題：
- 梯度消失：隨著梯度反向傳遞，值越來越小，導致前面層幾乎無法學習。
- 梯度爆炸：梯度值越傳越大，導致模型更新異常甚至發散。

總結來說，反向傳播讓神經網路能自動學習、優化自身，是深度學習模型能夠高效訓練的關鍵技術。

| 比較項目 | 均方誤差（MSE） | 交叉熵（Cross-Entropy） |
|------|-----------|--------------------|
| 主要應用 | 回歸問題 | 分類問題 |
| 對大誤差的懲罰 | 懲罰較重，對離群值敏感 | 懲罰預測機率偏差大 |
| 在分類任務的表現 | 效果較差 | 效果更好、更穩定 |
| 常用搭配的輸出層 | 線性 | Sigmoid（二元）/Softmax（多類） |

## 重點整理

- 反向傳播是神經網路訓練時，根據損失值計算梯度並反向更新參數的過程。
- 損失函數常見有均方誤差（MSE）與交叉熵（Cross-Entropy），分類問題多用交叉熵。
- 梯度下降法用於根據梯度調整權重，學習率控制每次更新的步伐大小。
- 學習率設太大會導致模型發散，設太小則收斂過慢。
- 梯度消失會讓前面層學習停滯，梯度爆炸會導致模型訓練不穩或發散。
- 反向傳播機制讓多層神經網路能自動學習複雜的輸入與輸出關係。
"
多層感知器的應用,"實際應用情境：
- 手寫數字辨識：銀行或郵局在處理大量支票時，常需自動辨識手寫數字。多層感知器（MLP）可以被訓練來識別這些數字，提升自動化處理效率，減少人力成本。
- 圖片分類：在社群平台或相簿應用中，MLP 可用於將上傳的圖片自動分類，例如區分動物、風景或人物，協助用戶快速整理與搜尋圖片。
- 語音辨識：多層感知器也能應用於語音辨識，將語音訊號轉換為文字，廣泛用於語音助理或自動客服系統，提升人機互動的便利性。

核心概念：
多層感知器（MLP, Multi-Layer Perceptron）是一種基礎的人工神經網路結構，常用於處理如圖像、語音等複雜資料。以手寫數字辨識為例，輸入的影像（如 MNIST 資料集中的 28x28 像素灰階圖）會先被展平成一個長度為 784 的向量。這個步驟就像把一張拼圖拆成一排，讓每個小塊（像素）都能被電腦單獨處理。展平後的向量會進入神經網路的輸入層，接著通過一個或多個隱藏層，每層有多個神經元，這些神經元會自動學習如何組合和轉換特徵，最終在輸出層產生對應於數字0-9的預測結果。

MLP 的一大優點是能自動學習資料中的特徵，這就像是一個有經驗的老師，能從學生的作業中找出關鍵錯誤點，而不需要事先告訴他要看哪些地方。這與傳統機器學習方法（如邏輯迴歸、SVM）不同，後者通常需要人工設計特徵，才能讓模型有效學習。

此外，MLP 能處理高度非線性的問題，這意味著它可以解決那些簡單線性方法無法處理的複雜任務。不過，這也帶來了更多的參數和更高的運算需求，因此需要較多的資料和計算資源來訓練。

在實作時，影像資料必須先展平成向量，並通常進行正規化處理（如將像素值縮放到0到1之間），以便網路更好地學習。這是因為神經網路對輸入資料的範圍較為敏感，正規化能提升訓練效果。

總結來說，MLP 在圖像識別、語音辨識等複雜模式預測領域有廣泛應用，尤其適合需要自動特徵學習和非線性處理的任務。

比較項目比較：
- 模型結構：多層神經網路，包含隱藏層 vs 線性或基於核心的方法
- 特徵轉換能力：可自動學習特徵轉換 vs 需人工設計特徵
- 非線性處理能力：能處理高度非線性問題 vs 需依賴特徵工程或核心函數
- 參數數量：較多，隨層數和神經元增加 vs 較少，易於解釋
- 訓練所需資料量：需要較多資料 vs 少量資料亦可訓練
- 運算成本：高，需GPU加速 vs 低，可於CPU運行
- 適用場景：圖像、語音、複雜模式預測 vs 結構化資料、分類、金融風控

重點整理：
- 多層感知器（MLP）是一種包含輸入層、隱藏層和輸出層的神經網路結構。
- 在處理影像資料時，必須將影像展平成向量（如28x28像素展平成784維向量）。
- MLP 能自動學習特徵，適合處理非線性和複雜的資料。
- 與傳統機器學習方法相比，MLP 需要更多的資料和運算資源，但能處理更複雜的任務。
- 影像資料在進入MLP前，通常還需進行正規化處理。
- MLP 廣泛應用於圖像識別、語音辨識等領域。
","## 💡 實際應用情境

- **手寫數字辨識**：銀行或郵局在處理大量支票時，常需自動辨識手寫數字。多層感知器（MLP）可以被訓練來識別這些數字，提升自動化處理效率，減少人力成本。
- **圖片分類**：在社群平台或相簿應用中，MLP 可用於將上傳的圖片自動分類，例如區分動物、風景或人物，協助用戶快速整理與搜尋圖片。
- **語音辨識**：多層感知器也能應用於語音辨識，將語音訊號轉換為文字，廣泛用於語音助理或自動客服系統，提升人機互動的便利性。

## 核心概念

多層感知器（MLP, Multi-Layer Perceptron）是一種基礎的人工神經網路結構，常用於處理如圖像、語音等複雜資料。以手寫數字辨識為例，輸入的影像（如 MNIST 資料集中的 28x28 像素灰階圖）會先被展平成一個長度為 784 的向量。這個步驟就像把一張拼圖拆成一排，讓每個小塊（像素）都能被電腦單獨處理。展平後的向量會進入神經網路的輸入層，接著通過一個或多個隱藏層，每層有多個神經元，這些神經元會自動學習如何組合和轉換特徵，最終在輸出層產生對應於數字0-9的預測結果。

MLP 的一大優點是能自動學習資料中的特徵，這就像是一個有經驗的老師，能從學生的作業中找出關鍵錯誤點，而不需要事先告訴他要看哪些地方。這與傳統機器學習方法（如邏輯迴歸、SVM）不同，後者通常需要人工設計特徵，才能讓模型有效學習。

此外，MLP 能處理高度非線性的問題，這意味著它可以解決那些簡單線性方法無法處理的複雜任務。不過，這也帶來了更多的參數和更高的運算需求，因此需要較多的資料和計算資源來訓練。

在實作時，影像資料必須先展平成向量，並通常進行正規化處理（如將像素值縮放到0到1之間），以便網路更好地學習。這是因為神經網路對輸入資料的範圍較為敏感，正規化能提升訓練效果。

總結來說，MLP 在圖像識別、語音辨識等複雜模式預測領域有廣泛應用，尤其適合需要自動特徵學習和非線性處理的任務。

| 比較項目 | 多層感知器（MLP） | 傳統機器學習 |
|------|------------|--------|
| 模型結構 | 多層神經網路，包含隱藏層 | 線性或基於核心的方法 |
| 特徵轉換能力 | 可自動學習特徵轉換 | 需人工設計特徵 |
| 非線性處理能力 | 能處理高度非線性問題 | 需依賴特徵工程或核心函數 |
| 參數數量 | 較多，隨層數和神經元增加 | 較少，易於解釋 |
| 訓練所需資料量 | 需要較多資料 | 少量資料亦可訓練 |
| 運算成本 | 高，需GPU加速 | 低，可於CPU運行 |
| 適用場景 | 圖像、語音、複雜模式預測 | 結構化資料、分類、金融風控 |

## 重點整理

- 多層感知器（MLP）是一種包含輸入層、隱藏層和輸出層的神經網路結構。
- 在處理影像資料時，必須將影像展平成向量（如28x28像素展平成784維向量）。
- MLP 能自動學習特徵，適合處理非線性和複雜的資料。
- 與傳統機器學習方法相比，MLP 需要更多的資料和運算資源，但能處理更複雜的任務。
- 影像資料在進入MLP前，通常還需進行正規化處理。
- MLP 廣泛應用於圖像識別、語音辨識等領域。
"
